Titel,Vorname,Nachname,Jahr,Technik,Galerie,Tags,Seiten,Medientyp,Datei,Video
Rote Beeren,,,,,kuenstlernatur,motiv,,foto,Rote Beeren.JPG,
Blatt im Wasser,,,,,kuenstlernatur,motiv,,foto,Blatt im Wasser 1zu3.JPG,
Blätter,,,,,kuenstlernatur,collage,,foto,Collage Blätter.jpg,
Rot-Lila Früchte,,,,,kuenstlernatur,motiv,,foto,Rot-Lila Früchte 1zu3.jpg,
Baumstamm,,,,,kuenstlernatur,motiv,,foto,Baumstamm 1zu3.JPG,
Wassertropfen auf Blatt,,,,,kuenstlernatur,motiv,,foto,Wassertropfen auf Blatt.JPG,
Nasse Rosen,,,,,kuenstlernatur,collage,,foto,Collage Nasse Rosen.jpg,
Schneerose,,,,,kuenstlernatur,motiv,,foto,Schneerose.JPG,
Paprika,,,,,kuenstlernatur,collage,,foto,Collage Paprika.jpg,
Wasser,,,,,kuenstlernatur,collage,,foto,Collage Wasser.jpg,
Seerosen,,,,,kuenstlernatur,collage,,foto,Collage Seerosen.jpg,
Lilie gelb,,,,,kuenstlernatur,motiv,,foto,Lilie gelb.jpg,
Rote Blüten,,,,,kuenstlernatur,motiv,,foto,Rote Blüten.JPG,
Passionsblume,,,,,kuenstlernatur,motiv,,foto,Passionsblume.JPG,
Kastanienblüte,,,,,kuenstlernatur,motiv,,foto,Kastanienblüte.JPG,
Rote Dolden,,,,,kuenstlernatur,motiv,,foto,Rote Dolden 1zu3.JPG,
Weinblatt,,,,,kuenstlernatur,motiv,,foto,Weinblatt.JPG,
Rose,,,,,kuenstlernatur,motiv,,foto,Rose.jpg,
Wassertropfen II,,,,,kuenstlernatur,motiv,,foto,Wassertropfen 2.JPG,
Kapuzinerkresse,,,,,kuenstlernatur,motiv,,foto,Kapuzinerkresse.JPG,
Rotes Blatt,,,,,kuenstlernatur,motiv,,foto,Rotes Blatt.JPG,
Grüne Pflanze mit Haaren,,,,,kuenstlernatur,motiv,,foto,Grüne Pflanze mit Haaren 1zu3.JPG,
Rosa Gladiole,,,,,kuenstlernatur,motiv,,foto,Rosa Gladiole.JPG,
Rosa Glöckchen,,,,,kuenstlernatur,motiv,,foto,Rosa Glöckchen.JPG,
Pflanze im Gegenlicht II,,,,,kuenstlernatur,motiv,,foto,Pflanze im Gegenlicht 2.JPG,
Orange Blüte,,,,,kuenstlernatur,motiv,,foto,Orange Blüte 1zu3.JPG,
Kornblume,,,,,kuenstlernatur,motiv,,foto,Kornblume.JPG,
Rotes Blatt,,,,,kuenstlernatur,motiv,,foto,Rotes Blatt 1zu3.JPG,
Sukkulenten,,,,,kuenstlernatur,motiv,,foto,Sukkulenten 1zu3.jpg,
Stachelige Pflanze,,,,,kuenstlernatur,motiv,,foto,Stachelige Pflanze 1zu3.JPG,
Nasse rote Rose,,,,,kuenstlernatur,motiv,,foto,Nasse rote Rose.JPG,
Efeu,,,,,kuenstlernatur,motiv,,foto,Efeu 1zu3.jpg,
Wassertropfen I,,,,,kuenstlernatur,motiv,,foto,Wassertropfen 1 1zu3.JPG,
Exotische Pflanze im Gegenlicht,,,,,kuenstlernatur,motiv,,foto,Exotische Pflanze im Gegenlicht 1zu3.jpg,
Pflanze mit roten Fäden,,,,,kuenstlernatur,motiv,,foto,Pflanze mit roten Fäden 1zu3.JPG,
Weiße Lilie,,,,,kuenstlernatur,motiv,,foto,Weiße Lilie 1zu3.JPG,
Weiße Tulpe,,,,,kuenstlernatur,motiv,,foto,weiße Tulpe.JPG,
Grün-rosa Früchte,,,,,kuenstlernatur,motiv,,foto,Grün-rosa Früchte.JPG,
Pfirsichblüte,,,,,kuenstlernatur,motiv,,foto,Pfirsichblüte.JPG,
Wassertropfen auf Grashalm,,,,,kuenstlernatur,motiv,,foto,Wassertropfen auf Grashalm 1zu3.JPG,
Gelbe Blüte,,,,,kuenstlernatur,motiv,,foto,Gelbe Blüte.JPG,
Palmenfrüchte,,,,,kuenstlernatur,motiv,,foto,Palmenfrüchte 1zu3.jpg,
Wurzelherz,,,,,kuenstlernatur,motiv,,foto,Wurzelherz 1zu3.JPG,
Mimosenblüte,,,,,kuenstlernatur,motiv,,foto,Mimosenblüte 1zu3.JPG,
Grüne Knospe,,,,,kuenstlernatur,motiv,,foto,Grüne Knospe.JPG,
Baumstämme,,,,,kuenstlernatur,collage,,foto,Collage Baumstämme.jpg,
Pflanze im Gegenlicht,,,,,kuenstlernatur,motiv,,foto,Pflanze im Gegenlicht 1zu3.JPG,
Eis,,,,,kuenstlernatur,collage,,foto,Collage Eis.jpg,
Mohn,,,,,kuenstlernatur,collage,,foto,Collage Mohn.jpg,
Gladiolen,,,,,kuenstlernatur,collage,,foto,Collage Gladiolen.jpg,
Libelle,,,,,kuenstlernatur,collage,,foto,Collage Libelle.jpg,
Tulpen,,,,,kuenstlernatur,collage,,foto,Collage Tulpen.jpg,
Blaues Stiefmütterchen,,,,,kuenstlernatur,motiv,,foto,Blaues Stiefmütterchen.JPG,
